{"cameraMode":{"drawMode":0,"name":"Shaded","section":"Shading Mode"},"sceneLighting":true,"audioPlay":false,"sceneViewState":{"m_AlwaysRefresh":false,"showFog":true,"showSkybox":true,"showFlares":true,"showImageEffects":true,"showParticleSystems":true,"showVisualEffectGraphs":true,"m_FxEnabled":true},"in2DMode":false,"pivot":{"x":-82.43635559082031,"y":56.36952590942383,"z":-190.90469360351563},"rotation":{"x":0.07025598734617233,"y":0.07235801964998245,"z":-0.0051096342504024509,"w":0.9948883652687073},"size":80.93814086914063,"orthographic":true}