{"cameraMode":{"drawMode":0,"name":"Shaded","section":"Shading Mode"},"sceneLighting":true,"audioPlay":false,"sceneViewState":{"m_AlwaysRefresh":false,"showFog":true,"showSkybox":true,"showFlares":true,"showImageEffects":true,"showParticleSystems":true,"showVisualEffectGraphs":true,"m_FxEnabled":true},"in2DMode":false,"pivot":{"x":-21.079879760742189,"y":-5.498302459716797,"z":16.519981384277345},"rotation":{"x":0.20089413225650788,"y":-0.27492839097976687,"z":0.05885706841945648,"w":0.9383993744850159},"size":58.417118072509769,"orthographic":true}