{"cameraMode":{"drawMode":0,"name":"Shaded","section":"Shading Mode"},"sceneLighting":true,"audioPlay":false,"sceneViewState":{"m_AlwaysRefresh":false,"showFog":true,"showSkybox":true,"showFlares":true,"showImageEffects":true,"showParticleSystems":true,"showVisualEffectGraphs":true,"m_FxEnabled":true},"in2DMode":false,"pivot":{"x":-0.9921920299530029,"y":5.447297096252441,"z":5.354989528656006},"rotation":{"x":0.11052863299846649,"y":0.30488577485084536,"z":-0.03564918041229248,"w":0.9452821016311646},"size":4.476283550262451,"orthographic":true}