{"cameraMode":{"drawMode":0,"name":"Shaded","section":"Shading Mode"},"sceneLighting":true,"audioPlay":false,"sceneViewState":{"m_AlwaysRefresh":false,"showFog":true,"showSkybox":true,"showFlares":true,"showImageEffects":true,"showParticleSystems":true,"showVisualEffectGraphs":true,"m_FxEnabled":true},"in2DMode":false,"pivot":{"x":5.824824333190918,"y":0.9197948575019836,"z":2.8165974617004396},"rotation":{"x":0.10774289071559906,"y":0.16620942950248719,"z":-0.018273061141371728,"w":0.9800169467926025},"size":8.062845230102539,"orthographic":true}