{"cameraMode":{"drawMode":0,"name":"Shaded","section":"Shading Mode"},"sceneLighting":true,"audioPlay":false,"sceneViewState":{"m_AlwaysRefresh":false,"showFog":true,"showSkybox":true,"showFlares":true,"showImageEffects":true,"showParticleSystems":true,"showVisualEffectGraphs":true,"m_FxEnabled":true},"in2DMode":false,"pivot":{"x":-2.9370486736297609,"y":5.040349960327148,"z":6.476785182952881},"rotation":{"x":0.026906078681349756,"y":0.26373645663261416,"z":-0.007359521463513374,"w":0.9641919136047363},"size":5.339001178741455,"orthographic":true}